"CustomerID","CustomerName","ZipCode"
"C0001","Customer 1","10001"
"C0002","Customer 2","10002"
"C0003","Customer 3","10003"
"C0004","Customer 4","10004"
"C0005","Customer 5","10005"
"C0006","Customer 6","10006"
"C0007","Customer 7","10007"
"C0008","Customer 8","10008"
"C0009","Customer 9","10009"
"C0010","Customer 10","10010"
"C0011","Customer 11","10011"
"C0012","Customer 12","10012"
"C0013","Customer 13","10013"
"C0014","Customer 14","10014"
"C0015","Customer 15","10015"
"C0016","Customer 16","10016"
"C0017","Customer 17","10017"
"C0018","Customer 18","10018"
"C0019","Customer 19","10019"
"C0020","Customer 20","10020"
"C0021","Customer 21","10021"
"C0022","Customer 22","10022"
"C0023","Customer 23","10023"
"C0024","Customer 24","10024"
"C0025","Customer 25","10025"
"C0026","Customer 26","10026"
"C0027","Customer 27","10027"
"C0028","Customer 28","10028"
"C0029","Customer 29","10029"
"C0030","Customer 30","10030"
"C0031","Customer 31","10031"
"C0032","Customer 32","10032"
"C0033","Customer 33","10033"
"C0034","Customer 34","10034"
"C0035","Customer 35","10035"
"C0036","Customer 36","10036"
"C0037","Customer 37","10037"
"C0038","Customer 38","10038"
"C0039","Customer 39","10039"
"C0040","Customer 40","10040"
"C0041","Customer 41","10041"
"C0042","Customer 42","10042"
"C0043","Customer 43","10043"
"C0044","Customer 44","10044"
"C0045","Customer 45","10045"
"C0046","Customer 46","10046"
"C0047","Customer 47","10047"
"C0048","Customer 48","10048"
"C0049","Customer 49","10049"
"C0050","Customer 50","10050"
"C0051","Customer 51","10051"
"C0052","Customer 52","10052"
"C0053","Customer 53","10053"
"C0054","Customer 54","10054"
"C0055","Customer 55","10055"
"C0056","Customer 56","10056"
"C0057","Customer 57","10057"
"C0058","Customer 58","10058"
"C0059","Customer 59","10059"
"C0060","Customer 60","10060"
"C0061","Customer 61","10061"
"C0062","Customer 62","10062"
"C0063","Customer 63","10063"
"C0064","Customer 64","10064"
"C0065","Customer 65","10065"
"C0066","Customer 66","10066"
"C0067","Customer 67","10067"
"C0068","Customer 68","10068"
"C0069","Customer 69","10069"
"C0070","Customer 70","10070"
"C0071","Customer 71","10071"
"C0072","Customer 72","10072"
"C0073","Customer 73","10073"
"C0074","Customer 74","10074"
"C0075","Customer 75","10075"
"C0076","Customer 76","10076"
"C0077","Customer 77","10077"
"C0078","Customer 78","10078"
"C0079","Customer 79","10079"
"C0080","Customer 80","10080"
"C0081","Customer 81","10081"
"C0082","Customer 82","10082"
"C0083","Customer 83","10083"
"C0084","Customer 84","10084"
"C0085","Customer 85","10085"
"C0086","Customer 86","10086"
"C0087","Customer 87","10087"
"C0088","Customer 88","10088"
"C0089","Customer 89","10089"
"C0090","Customer 90","10090"
"C0091","Customer 91","10091"
"C0092","Customer 92","10092"
"C0093","Customer 93","10093"
"C0094","Customer 94","10094"
"C0095","Customer 95","10095"
"C0096","Customer 96","10096"
"C0097","Customer 97","10097"
"C0098","Customer 98","10098"
"C0099","Customer 99","10099"
"C0100","Customer 100","10100"
"C0101","Customer 101","10101"
"C0102","Customer 102","10102"
"C0103","Customer 103","10103"
"C0104","Customer 104","10104"
"C0105","Customer 105","10105"
"C0106","Customer 106","10106"
"C0107","Customer 107","10107"
"C0108","Customer 108","10108"
"C0109","Customer 109","10109"
"C0110","Customer 110","10110"
"C0111","Customer 111","10111"
"C0112","Customer 112","10112"
"C0113","Customer 113","10113"
"C0114","Customer 114","10114"
"C0115","Customer 115","10115"
"C0116","Customer 116","10116"
"C0117","Customer 117","10117"
"C0118","Customer 118","10118"
"C0119","Customer 119","10119"
"C0120","Customer 120","10120"
"C0121","Customer 121","10001"
"C0122","Customer 122","10002"
"C0123","Customer 123","10003"
"C0124","Customer 124","10004"
"C0125","Customer 125","10005"
"C0126","Customer 126","10006"
"C0127","Customer 127","10007"
"C0128","Customer 128","10008"
"C0129","Customer 129","10009"
"C0130","Customer 130","10010"
"C0131","Customer 131","10011"
"C0132","Customer 132","10012"
"C0133","Customer 133","10013"
"C0134","Customer 134","10014"
"C0135","Customer 135","10015"
"C0136","Customer 136","10016"
"C0137","Customer 137","10017"
"C0138","Customer 138","10018"
"C0139","Customer 139","10019"
"C0140","Customer 140","10020"
"C0141","Customer 141","10021"
"C0142","Customer 142","10022"
"C0143","Customer 143","10023"
"C0144","Customer 144","10024"
"C0145","Customer 145","10025"
"C0146","Customer 146","10026"
"C0147","Customer 147","10027"
"C0148","Customer 148","10028"
"C0149","Customer 149","10029"
"C0150","Customer 150","10030"
"C0151","Customer 151","10031"
"C0152","Customer 152","10032"
"C0153","Customer 153","10033"
"C0154","Customer 154","10034"
"C0155","Customer 155","10035"
"C0156","Customer 156","10036"
"C0157","Customer 157","10037"
"C0158","Customer 158","10038"
"C0159","Customer 159","10039"
"C0160","Customer 160","10040"
"C0161","Customer 161","10041"
"C0162","Customer 162","10042"
"C0163","Customer 163","10043"
"C0164","Customer 164","10044"
"C0165","Customer 165","10045"
"C0166","Customer 166","10046"
"C0167","Customer 167","10047"
"C0168","Customer 168","10048"
"C0169","Customer 169","10049"
"C0170","Customer 170","10050"
"C0171","Customer 171","10051"
"C0172","Customer 172","10052"
"C0173","Customer 173","10053"
"C0174","Customer 174","10054"
"C0175","Customer 175","10055"
"C0176","Customer 176","10056"
"C0177","Customer 177","10057"
"C0178","Customer 178","10058"
"C0179","Customer 179","10059"
"C0180","Customer 180","10060"
"C0181","Customer 181","10061"
"C0182","Customer 182","10062"
"C0183","Customer 183","10063"
"C0184","Customer 184","10064"
"C0185","Customer 185","10065"
"C0186","Customer 186","10066"
"C0187","Customer 187","10067"
"C0188","Customer 188","10068"
"C0189","Customer 189","10069"
"C0190","Customer 190","10070"
"C0191","Customer 191","10071"
"C0192","Customer 192","10072"
"C0193","Customer 193","10073"
"C0194","Customer 194","10074"
"C0195","Customer 195","10075"
"C0196","Customer 196","10076"
"C0197","Customer 197","10077"
"C0198","Customer 198","10078"
"C0199","Customer 199","10079"
"C0200","Customer 200","10080"
"C0201","Customer 201","10081"
"C0202","Customer 202","10082"
"C0203","Customer 203","10083"
"C0204","Customer 204","10084"
"C0205","Customer 205","10085"
"C0206","Customer 206","10086"
"C0207","Customer 207","10087"
"C0208","Customer 208","10088"
"C0209","Customer 209","10089"
"C0210","Customer 210","10090"
"C0211","Customer 211","10091"
"C0212","Customer 212","10092"
"C0213","Customer 213","10093"
"C0214","Customer 214","10094"
"C0215","Customer 215","10095"
"C0216","Customer 216","10096"
"C0217","Customer 217","10097"
"C0218","Customer 218","10098"
"C0219","Customer 219","10099"
"C0220","Customer 220","10100"
"C0221","Customer 221","10101"
"C0222","Customer 222","10102"
"C0223","Customer 223","10103"
"C0224","Customer 224","10104"
"C0225","Customer 225","10105"
"C0226","Customer 226","10106"
"C0227","Customer 227","10107"
"C0228","Customer 228","10108"
"C0229","Customer 229","10109"
"C0230","Customer 230","10110"
"C0231","Customer 231","10111"
"C0232","Customer 232","10112"
"C0233","Customer 233","10113"
"C0234","Customer 234","10114"
"C0235","Customer 235","10115"
"C0236","Customer 236","10116"
"C0237","Customer 237","10117"
"C0238","Customer 238","10118"
"C0239","Customer 239","10119"
"C0240","Customer 240","10120"
"C0241","Customer 241","10001"
"C0242","Customer 242","10002"
"C0243","Customer 243","10003"
"C0244","Customer 244","10004"
"C0245","Customer 245","10005"
"C0246","Customer 246","10006"
"C0247","Customer 247","10007"
"C0248","Customer 248","10008"
"C0249","Customer 249","10009"
"C0250","Customer 250","10010"
"C0251","Customer 251","10011"
"C0252","Customer 252","10012"
"C0253","Customer 253","10013"
"C0254","Customer 254","10014"
"C0255","Customer 255","10015"
"C0256","Customer 256","10016"
"C0257","Customer 257","10017"
"C0258","Customer 258","10018"
"C0259","Customer 259","10019"
"C0260","Customer 260","10020"
"C0261","Customer 261","10021"
"C0262","Customer 262","10022"
"C0263","Customer 263","10023"
"C0264","Customer 264","10024"
"C0265","Customer 265","10025"
"C0266","Customer 266","10026"
"C0267","Customer 267","10027"
"C0268","Customer 268","10028"
"C0269","Customer 269","10029"
"C0270","Customer 270","10030"
"C0271","Customer 271","10031"
"C0272","Customer 272","10032"
"C0273","Customer 273","10033"
"C0274","Customer 274","10034"
"C0275","Customer 275","10035"
"C0276","Customer 276","10036"
"C0277","Customer 277","10037"
"C0278","Customer 278","10038"
"C0279","Customer 279","10039"
"C0280","Customer 280","10040"
"C0281","Customer 281","10041"
"C0282","Customer 282","10042"
"C0283","Customer 283","10043"
"C0284","Customer 284","10044"
"C0285","Customer 285","10045"
"C0286","Customer 286","10046"
"C0287","Customer 287","10047"
"C0288","Customer 288","10048"
"C0289","Customer 289","10049"
"C0290","Customer 290","10050"
"C0291","Customer 291","10051"
"C0292","Customer 292","10052"
"C0293","Customer 293","10053"
"C0294","Customer 294","10054"
"C0295","Customer 295","10055"
"C0296","Customer 296","10056"
"C0297","Customer 297","10057"
"C0298","Customer 298","10058"
"C0299","Customer 299","10059"
"C0300","Customer 300","10060"
"C0301","Customer 301","10061"
"C0302","Customer 302","10062"
"C0303","Customer 303","10063"
"C0304","Customer 304","10064"
"C0305","Customer 305","10065"
"C0306","Customer 306","10066"
"C0307","Customer 307","10067"
"C0308","Customer 308","10068"
"C0309","Customer 309","10069"
"C0310","Customer 310","10070"
"C0311","Customer 311","10071"
"C0312","Customer 312","10072"
"C0313","Customer 313","10073"
"C0314","Customer 314","10074"
"C0315","Customer 315","10075"
"C0316","Customer 316","10076"
"C0317","Customer 317","10077"
"C0318","Customer 318","10078"
"C0319","Customer 319","10079"
"C0320","Customer 320","10080"
"C0321","Customer 321","10081"
"C0322","Customer 322","10082"
"C0323","Customer 323","10083"
"C0324","Customer 324","10084"
"C0325","Customer 325","10085"
"C0326","Customer 326","10086"
"C0327","Customer 327","10087"
"C0328","Customer 328","10088"
"C0329","Customer 329","10089"
"C0330","Customer 330","10090"
"C0331","Customer 331","10091"
"C0332","Customer 332","10092"
"C0333","Customer 333","10093"
"C0334","Customer 334","10094"
"C0335","Customer 335","10095"
"C0336","Customer 336","10096"
"C0337","Customer 337","10097"
"C0338","Customer 338","10098"
"C0339","Customer 339","10099"
"C0340","Customer 340","10100"
"C0341","Customer 341","10101"
"C0342","Customer 342","10102"
"C0343","Customer 343","10103"
"C0344","Customer 344","10104"
"C0345","Customer 345","10105"
"C0346","Customer 346","10106"
"C0347","Customer 347","10107"
"C0348","Customer 348","10108"
"C0349","Customer 349","10109"
"C0350","Customer 350","10110"
"C0351","Customer 351","10111"
"C0352","Customer 352","10112"
"C0353","Customer 353","10113"
"C0354","Customer 354","10114"
"C0355","Customer 355","10115"
"C0356","Customer 356","10116"
"C0357","Customer 357","10117"
"C0358","Customer 358","10118"
"C0359","Customer 359","10119"
"C0360","Customer 360","10120"
"C0361","Customer 361","10001"
"C0362","Customer 362","10002"
"C0363","Customer 363","10003"
"C0364","Customer 364","10004"
"C0365","Customer 365","10005"
"C0366","Customer 366","10006"
"C0367","Customer 367","10007"
"C0368","Customer 368","10008"
"C0369","Customer 369","10009"
"C0370","Customer 370","10010"
"C0371","Customer 371","10011"
"C0372","Customer 372","10012"
"C0373","Customer 373","10013"
"C0374","Customer 374","10014"
"C0375","Customer 375","10015"
"C0376","Customer 376","10016"
"C0377","Customer 377","10017"
"C0378","Customer 378","10018"
"C0379","Customer 379","10019"
"C0380","Customer 380","10020"
"C0381","Customer 381","10021"
"C0382","Customer 382","10022"
"C0383","Customer 383","10023"
"C0384","Customer 384","10024"
"C0385","Customer 385","10025"
"C0386","Customer 386","10026"
"C0387","Customer 387","10027"
"C0388","Customer 388","10028"
"C0389","Customer 389","10029"
"C0390","Customer 390","10030"
"C0391","Customer 391","10031"
"C0392","Customer 392","10032"
"C0393","Customer 393","10033"
"C0394","Customer 394","10034"
"C0395","Customer 395","10035"
"C0396","Customer 396","10036"
"C0397","Customer 397","10037"
"C0398","Customer 398","10038"
"C0399","Customer 399","10039"
"C0400","Customer 400","10040"
"C0401","Customer 401","10041"
"C0402","Customer 402","10042"
"C0403","Customer 403","10043"
"C0404","Customer 404","10044"
"C0405","Customer 405","10045"
"C0406","Customer 406","10046"
"C0407","Customer 407","10047"
"C0408","Customer 408","10048"
"C0409","Customer 409","10049"
"C0410","Customer 410","10050"
"C0411","Customer 411","10051"
"C0412","Customer 412","10052"
"C0413","Customer 413","10053"
"C0414","Customer 414","10054"
"C0415","Customer 415","10055"
"C0416","Customer 416","10056"
"C0417","Customer 417","10057"
"C0418","Customer 418","10058"
"C0419","Customer 419","10059"
"C0420","Customer 420","10060"
"C0421","Customer 421","10061"
"C0422","Customer 422","10062"
"C0423","Customer 423","10063"
"C0424","Customer 424","10064"
"C0425","Customer 425","10065"
"C0426","Customer 426","10066"
"C0427","Customer 427","10067"
"C0428","Customer 428","10068"
"C0429","Customer 429","10069"
"C0430","Customer 430","10070"
"C0431","Customer 431","10071"
"C0432","Customer 432","10072"
"C0433","Customer 433","10073"
"C0434","Customer 434","10074"
"C0435","Customer 435","10075"
"C0436","Customer 436","10076"
"C0437","Customer 437","10077"
"C0438","Customer 438","10078"
"C0439","Customer 439","10079"
"C0440","Customer 440","10080"
"C0441","Customer 441","10081"
"C0442","Customer 442","10082"
"C0443","Customer 443","10083"
"C0444","Customer 444","10084"
"C0445","Customer 445","10085"
"C0446","Customer 446","10086"
"C0447","Customer 447","10087"
"C0448","Customer 448","10088"
"C0449","Customer 449","10089"
"C0450","Customer 450","10090"
"C0451","Customer 451","10091"
"C0452","Customer 452","10092"
"C0453","Customer 453","10093"
"C0454","Customer 454","10094"
"C0455","Customer 455","10095"
"C0456","Customer 456","10096"
"C0457","Customer 457","10097"
"C0458","Customer 458","10098"
"C0459","Customer 459","10099"
"C0460","Customer 460","10100"
"C0461","Customer 461","10101"
"C0462","Customer 462","10102"
"C0463","Customer 463","10103"
"C0464","Customer 464","10104"
"C0465","Customer 465","10105"
"C0466","Customer 466","10106"
"C0467","Customer 467","10107"
"C0468","Customer 468","10108"
"C0469","Customer 469","10109"
"C0470","Customer 470","10110"
"C0471","Customer 471","10111"
"C0472","Customer 472","10112"
"C0473","Customer 473","10113"
"C0474","Customer 474","10114"
"C0475","Customer 475","10115"
"C0476","Customer 476","10116"
"C0477","Customer 477","10117"
"C0478","Customer 478","10118"
"C0479","Customer 479","10119"
"C0480","Customer 480","10120"
"C0481","Customer 481","10001"
"C0482","Customer 482","10002"
"C0483","Customer 483","10003"
"C0484","Customer 484","10004"
"C0485","Customer 485","10005"
"C0486","Customer 486","10006"
"C0487","Customer 487","10007"
"C0488","Customer 488","10008"
"C0489","Customer 489","10009"
"C0490","Customer 490","10010"
"C0491","Customer 491","10011"
"C0492","Customer 492","10012"
"C0493","Customer 493","10013"
"C0494","Customer 494","10014"
"C0495","Customer 495","10015"
"C0496","Customer 496","10016"
"C0497","Customer 497","10017"
"C0498","Customer 498","10018"
"C0499","Customer 499","10019"
"C0500","Customer 500","10020"
"C0501","Customer 501","10021"
"C0502","Customer 502","10022"
"C0503","Customer 503","10023"
"C0504","Customer 504","10024"
"C0505","Customer 505","10025"
"C0506","Customer 506","10026"
"C0507","Customer 507","10027"
"C0508","Customer 508","10028"
"C0509","Customer 509","10029"
"C0510","Customer 510","10030"
"C0511","Customer 511","10031"
"C0512","Customer 512","10032"
"C0513","Customer 513","10033"
"C0514","Customer 514","10034"
"C0515","Customer 515","10035"
"C0516","Customer 516","10036"
"C0517","Customer 517","10037"
"C0518","Customer 518","10038"
"C0519","Customer 519","10039"
"C0520","Customer 520","10040"
"C0521","Customer 521","10041"
"C0522","Customer 522","10042"
"C0523","Customer 523","10043"
"C0524","Customer 524","10044"
"C0525","Customer 525","10045"
"C0526","Customer 526","10046"
"C0527","Customer 527","10047"
"C0528","Customer 528","10048"
"C0529","Customer 529","10049"
"C0530","Customer 530","10050"
"C0531","Customer 531","10051"
"C0532","Customer 532","10052"
"C0533","Customer 533","10053"
"C0534","Customer 534","10054"
"C0535","Customer 535","10055"
"C0536","Customer 536","10056"
"C0537","Customer 537","10057"
"C0538","Customer 538","10058"
"C0539","Customer 539","10059"
"C0540","Customer 540","10060"
"C0541","Customer 541","10061"
"C0542","Customer 542","10062"
"C0543","Customer 543","10063"
"C0544","Customer 544","10064"
"C0545","Customer 545","10065"
"C0546","Customer 546","10066"
"C0547","Customer 547","10067"
"C0548","Customer 548","10068"
"C0549","Customer 549","10069"
"C0550","Customer 550","10070"
"C0551","Customer 551","10071"
"C0552","Customer 552","10072"
"C0553","Customer 553","10073"
"C0554","Customer 554","10074"
"C0555","Customer 555","10075"
"C0556","Customer 556","10076"
"C0557","Customer 557","10077"
"C0558","Customer 558","10078"
"C0559","Customer 559","10079"
"C0560","Customer 560","10080"
"C0561","Customer 561","10081"
"C0562","Customer 562","10082"
"C0563","Customer 563","10083"
"C0564","Customer 564","10084"
"C0565","Customer 565","10085"
"C0566","Customer 566","10086"
"C0567","Customer 567","10087"
"C0568","Customer 568","10088"
"C0569","Customer 569","10089"
"C0570","Customer 570","10090"
"C0571","Customer 571","10091"
"C0572","Customer 572","10092"
"C0573","Customer 573","10093"
"C0574","Customer 574","10094"
"C0575","Customer 575","10095"
"C0576","Customer 576","10096"
"C0577","Customer 577","10097"
"C0578","Customer 578","10098"
"C0579","Customer 579","10099"
"C0580","Customer 580","10100"
"C0581","Customer 581","10101"
"C0582","Customer 582","10102"
"C0583","Customer 583","10103"
"C0584","Customer 584","10104"
"C0585","Customer 585","10105"
"C0586","Customer 586","10106"
"C0587","Customer 587","10107"
"C0588","Customer 588","10108"
"C0589","Customer 589","10109"
"C0590","Customer 590","10110"
"C0591","Customer 591","10111"
"C0592","Customer 592","10112"
"C0593","Customer 593","10113"
"C0594","Customer 594","10114"
"C0595","Customer 595","10115"
"C0596","Customer 596","10116"
"C0597","Customer 597","10117"
"C0598","Customer 598","10118"
"C0599","Customer 599","10119"
"C0600","Customer 600","10120"
